epoch,train_loss,train_gnn_loss,train_crossformer_loss,train_fusion_loss,val_loss,val_gnn_loss,val_crossformer_loss,val_fusion_loss,val_mae,val_rmse,val_r2
1,0.48579730093479156,0.5934681445360184,0.2068256177008152,0.5428975522518158,0.5183789730072021,0.6267723441123962,0.05196954868733883,0.637717604637146,0.7892840504646301,0.7985722422599792,-41.63662338256836
