epoch,train_loss,train_gnn_loss,train_crossformer_loss,train_fusion_loss,val_loss,val_gnn_loss,val_crossformer_loss,val_fusion_loss,val_mae,val_rmse,val_r2
1,0.4840080589056015,0.5851724147796631,0.2069954164326191,0.5426241159439087,0.517760306596756,0.6236130595207214,0.05236976221203804,0.6376062035560608,0.7892032265663147,0.798502504825592,-41.62916946411133
