epoch,train_loss,train_gnn_loss,train_crossformer_loss,train_fusion_loss,val_loss,val_gnn_loss,val_crossformer_loss,val_fusion_loss,val_mae,val_rmse,val_r2
1,0.587537482380867,0.5875374674797058,0.0,0.5875374674797058,0.6268017590045929,0.6268017292022705,0.0,0.6268017292022705,0.7614730000495911,0.7917081713676453,-40.906803131103516
