epoch,train_loss,train_gnn_loss,train_crossformer_loss,train_fusion_loss,val_loss,val_gnn_loss,val_crossformer_loss,val_fusion_loss,val_mae,val_rmse,val_r2
1,0.5419884622097015,0.6188187599182129,0.5180756039917469,0.5243492946028709,0.582402765750885,0.8211960196495056,0.22752711176872253,0.6210968196392059,0.7769891023635864,0.7880969643592834,-40.52538299560547
2,0.47288402169942856,0.6114427447319031,0.27319149300456047,0.4932619407773018,0.5225242376327515,0.8180342614650726,0.04303181357681751,0.58385169506073,0.752600371837616,0.7641018629074097,-38.035240173339844
