{
  "full_model": {
    "station_name": "东城东四",
    "mae": 9.006512,
    "rmse": 15.230968,
    "r2": 0.790191
  },
  "gcn": {
    "station_name": "东城东四",
    "mae": 10.445918,
    "rmse": 17.509722,
    "r2": 0.722715
  },
  "gru": {
    "station_name": "东城东四",
    "mae": 13.108636,
    "rmse": 20.186329,
    "r2": 0.631461
  },
  "lstm": {
    "station_name": "东城东四",
    "mae": 13.640546,
    "rmse": 21.304544,
    "r2": 0.5895
  }
}