epoch,train_loss,train_gnn_loss,train_crossformer_loss,train_fusion_loss,val_loss,val_gnn_loss,val_crossformer_loss,val_fusion_loss,val_mae,val_rmse,val_r2
1,0.34116104058921337,0.0,0.34116104058921337,0.34116104058921337,0.13837839663028717,0.0,0.13837839663028717,0.13837839663028717,0.31665635108947754,0.37199246883392334,-8.251723289489746
