variant,mae,rmse,r2
w_o_dynamic_graph,8.69072151184082,14.794281959533691,0.8020496368408203
